{
    "wall": {
        "x": [
            0.0,
            4.5,
            4.5,
            0.0,
            0.0
        ],
        "y": [
            0.0,
            0.0,
            4.5,
            4.5,
            0.0
        ]
    },
    "Env1": {
        "x": [
            1.998723,
            1.805063,
            2.658983,
            2.410186,
            3.56793,
            3.587023,
            2.386063,
            3.767135,
            0.686957,
            1.593576,
            1.559162,
            2.834335,
            1.236981,
            0.962071,
            0.171612
        ],
        "y": [
            2.209689,
            1.495387,
            2.90658,
            3.599813,
            3.660018,
            0.617148,
            1.132266,
            1.955808,
            3.221572,
            3.170688,
            0.176401,
            0.359113,
            0.85741,
            2.075127,
            2.393549
        ]
    },
    "Env2": {
        "x": [
            1.492783,
            1.182815,
            1.720553,
            2.538365,
            2.903036,
            3.756228,
            2.298975,
            1.491265,
            0.846791,
            0.57859,
            1.864487,
            3.394851
        ],
        "y": [
            0.280401,
            1.215323,
            1.274556,
            1.19768,
            0.194113,
            0.64574,
            2.391284,
            2.679753,
            2.53954,
            3.442285,
            3.517475,
            3.409018
        ]
    },
    "Env3": {
        "x": [
            0.934525,
            1.335974,
            3.254925,
            2.900872,
            2.505039,
            2.142174,
            1.732515
        ],
        "y": [
            3.31334,
            2.792345,
            0.585745,
            1.019103,
            1.47251,
            1.921288,
            2.376273
        ]
    },
    "Env4": {
        "x": [
            2.079539,
            2.050287,
            2.05266,
            2.048295,
            2.033162,
            2.014463,
            1.980089
        ],
        "y": [
            0.501269,
            0.99784,
            1.455863,
            1.976081,
            2.476076,
            2.992291,
            3.472948
        ]
    },
    "Env5": {
        "x": [
            0.977465,
            0.996466,
            0.969589,
            0.967164,
            2.141712,
            2.163812,
            2.176446,
            2.161938,
            2.156909,
            2.138304,
            2.098279,
            2.119348,
            3.176398,
            2.094155,
            3.167546,
            2.097806,
            3.149812,
            3.134737,
            0.983555,
            3.135801
        ],
        "y": [
            2.683388,
            2.338593,
            2.041076,
            1.77126,
            1.210281,
            0.912629,
            0.62645,
            0.352575,
            0.049693,
            2.653758,
            3.908382,
            2.957305,
            1.412246,
            3.271919,
            1.734132,
            3.604429,
            2.034477,
            2.340134,
            1.483039,
            2.602885
        ]
    },
    "Env6": {
        "x": [
            0.4045,
            0.928645,
            0.951149,
            1.4563,
            2.778264,
            3.37903,
            3.422092,
            3.8998,
            3.906988,
            2.048864,
            1.47562,
            2.607064,
            3.247584,
            3.721977,
            3.735652,
            3.22469,
            0.865139,
            0.331513,
            0.857636,
            0.369329,
            0.373637
        ],
        "y": [
            3.747158,
            3.753648,
            3.266025,
            2.637483,
            2.640949,
            3.242705,
            3.724209,
            3.715005,
            3.218359,
            2.012134,
            1.396094,
            1.381674,
            0.732601,
            0.744705,
            0.191188,
            0.234483,
            0.817174,
            0.280946,
            0.311163,
            0.786138,
            3.282103
        ]
    },
    "Env7": {
        "x": [
            0.615833,
            1.492721,
            1.910963,
            2.47458,
            3.646028,
            3.631695,
            3.458596,
            2.479156,
            1.674436,
            0.712584,
            1.205884
        ],
        "y": [
            0.855146,
            0.422255,
            1.420122,
            1.170984,
            1.137113,
            2.950053,
            3.55672,
            3.319134,
            2.456405,
            2.101615,
            3.446665
        ]
    },
    "Test": {
        "x": [],
        "y": []
    }
}