{
    "wall": {
        "x": [
            0.0,
            4.5,
            4.5,
            0.0,
            0.0
        ],
        "y": [
            0.0,
            0.0,
            4.5,
            4.5,
            0.0
        ]
    },
    "Env1": {
        "x": [
            2.238723,
            2.045063,
            2.898983,
            2.650186,
            3.80793,
            3.827023,
            2.626063,
            4.007135,
            0.926957,
            1.833576,
            1.799162,
            3.074335,
            1.476981,
            1.202071,
            0.411612
        ],
        "y": [
            2.489689,
            1.775387,
            3.18658,
            3.879813,
            3.940018,
            0.897148,
            1.412266,
            2.235808,
            3.501572,
            3.450688,
            0.456401,
            0.639113,
            1.13741,
            2.355127,
            2.673549
        ]
    },
    "Env2": {
        "x": [
            1.732783,
            1.422815,
            1.960553,
            2.778365,
            3.143036,
            3.996228,
            2.538975,
            1.731265,
            1.086791,
            0.81859,
            2.104487,
            3.634851
        ],
        "y": [
            0.560401,
            1.495323,
            1.554556,
            1.47768,
            0.474113,
            0.92574,
            2.671284,
            2.959753,
            2.81954,
            3.722285,
            3.797475,
            3.689018
        ]
    },
    "Env3": {
        "x": [
            0.615833,
            1.492721,
            1.910963,
            2.47458,
            3.646028,
            3.631695,
            3.458596,
            2.479156,
            1.674436,
            0.712584,
            1.205884
        ],
        "y": [
            0.855146,
            0.422255,
            1.420122,
            1.170984,
            1.137113,
            2.950053,
            3.55672,
            3.319134,
            2.456405,
            2.101615,
            3.446665
        ]
    },
    "Env4": {
        "x": [
            1.174525,
            1.575974,
            3.494925,
            3.140872,
            2.745039,
            2.382174,
            1.972515
        ],
        "y": [
            3.59334,
            3.072345,
            0.865745,
            1.299103,
            1.75251,
            2.201288,
            2.656273
        ]
    },
    "Env5": {
        "x": [
            2.319539,
            2.290287,
            2.29266,
            2.288295,
            2.273162,
            2.254463,
            2.220089
        ],
        "y": [
            0.781269,
            1.27784,
            1.735863,
            2.256081,
            2.756076,
            3.272291,
            3.752948
        ]
    },
    "Env6": {
        "x": [
            0.977465,
            0.996466,
            0.969589,
            0.967164,
            2.141712,
            2.163812,
            2.176446,
            2.161938,
            2.156909,
            2.138304,
            2.098279,
            2.119348,
            3.176398,
            2.094155,
            3.167546,
            2.097806,
            3.149812,
            3.134737,
            0.983555,
            3.135801
        ],
        "y": [
            2.683388,
            2.338593,
            2.041076,
            1.77126,
            1.210281,
            0.912629,
            0.62645,
            0.352575,
            0.049693,
            2.653758,
            3.908382,
            2.957305,
            1.412246,
            3.271919,
            1.734132,
            3.604429,
            2.034477,
            2.340134,
            1.483039,
            2.602885
        ]
    },
    "Env7": {
        "x": [
            0.4045,
            0.928645,
            0.951149,
            1.4563,
            2.778264,
            3.37903,
            3.422092,
            3.8998,
            3.906988,
            2.048864,
            1.47562,
            2.607064,
            3.247584,
            3.721977,
            3.735652,
            3.22469,
            0.865139,
            0.331513,
            0.857636,
            0.369329,
            0.373637
        ],
        "y": [
            3.747158,
            3.753648,
            3.266025,
            2.637483,
            2.640949,
            3.242705,
            3.724209,
            3.715005,
            3.218359,
            2.012134,
            1.396094,
            1.381674,
            0.732601,
            0.744705,
            0.191188,
            0.234483,
            0.817174,
            0.280946,
            0.311163,
            0.786138,
            3.282103
        ]
    },

    "Test": {
        "x": [],
        "y": []
    }
}
