{
    "wall": {
        "x": [
            0.0,
            4.5,
            4.5,
            0.0,
            0.0
        ],
        "y": [
            0.0,
            0.0,
            4.5,
            4.5,
            0.0
        ]
    },
    "Env1": {
        "x": [
	   3.577993,
	   3.804919,
	   0.294706,
	   3.600353,
	   2.438771,
	   2.664351,
	   1.5593,
	   1.671284,
	   0.998688,
	   1.800389,
	   1.258406,
	   2.006852,
	   2.313251,
	   2.747737,
	   0.715434
        ],
        "y": [
	   3.588946,
	   1.900348,
	   2.391838,
	   0.578328,
	   3.583109,
	   2.843567,
	   0.15662,
	   3.126076,
	   2.025493,
	   1.460435,
	   0.827158,
	   2.18032,
	   1.067218,
	   0.341203,
	   3.184632
        ]
    },
    "Env2": {
        "x": [
	   0.596852,
	   1.521239,
	   2.912048,
	   3.419982,
	   1.539705,
	   2.311604,
	   0.869598,
	   1.874519,
	   1.731341,
	   3.743809,
	   1.18524,
	   2.510814
        ],
        "y": [
	   3.425393,
	   0.25616,
	   0.180312,
	   3.412007,
	   2.663484,
	   2.398557,
	   2.489334,
	   3.533727,
	   1.273912,
	   0.628472,
	   1.198792,
	   1.189826
        ]
    },
    "Env3": {
        "x": [
	   3.500788,
	   0.838159,
	   2.446565,
	   1.633975,
	   3.579285,
	   0.644968,
	   1.857854,
	   2.471748,
	   3.599186,
	   1.151781,
	   1.463329
        ],
        "y": [
	   3.397547,
	   0.598902,
	   1.157709,
	   2.413888,
	   2.916907,
	   2.085234,
	   1.38239,
	   3.286201,
	   1.083464,
	   3.403243,
	   0.376553
        ]
    },    
   "Env4": {
        "x": [
	   3.337976,
	   1.955404,
	   2.298488,
	   2.99858,
	   1.589509,
	   2.596363,
	   1.262466
        ],
        "y": [
	   1.277734,
	   2.693686,
	   2.334811,
	   1.621028,
	   3.043048,
	   1.993195,
	   3.435733
        ]
    },
    "Env5": {
        "x": [
	   2.347244,
	   2.36658,
	   2.319276,
	   2.310381,
	   2.370136,
	   2.332053,
	   2.327425
        ],
        "y": [
	   0.819634,
	   1.814846,
	   2.823416,
	   3.813048,
	   1.308726,
	   2.331246,
	   3.336422
        ]
    },
    "Env6": {
        "x": [
	   1.318551,
	   3.551957,
	   2.489687,
	   2.317943,
	   2.496904,
	   3.532235,
	   3.559536,
	   1.317352,
	   2.298105,
	   1.301511,
	   2.340605,
	   2.502134,
	   3.546359,
	   1.301996,
	   3.543561,
	   1.309638,
	   2.527345,
	   2.304975,
	   2.489165,
	   2.297323
        ],
        "y": [
	   2.805647,
	   2.430802,
	   3.460214,
	   0.856061,
	   3.743526,
	   1.834159,
	   2.702293,
	   2.516384,
	   0.261034,
	   1.930169,
	   1.458296,
	   4.352166,
	   2.135495,
	   2.231962,
	   1.552171,
	   1.670864,
	   4.040623,
	   0.553502,
	   3.11233,
	   1.133693
        ]
    },
    "Env7": {
        "x": [
	   3.70598,
	   0.577031,
	   1.747025,
	   1.055595,
	   1.059802,
	   0.54456,
	   2.369891,
	   1.170241,
	   0.66656,
	   3.660189,
	   4.187122,
	   0.672574,
	   3.038673,
	   3.6703,
	   1.718645,
	   2.986926,
	   1.175643,
	   4.190289,
	   4.111386,
	   3.7,
	   4.2
        ],
        "y": [
	   3.947916,
	   0.958155,
	   2.87219,
	   0.48207,
	   0.982414,
	   0.612799,
	   2.239197,
	   4.000137,
	   4.043933,
	   0.95344,
	   3.482392,
	   3.526966,
	   2.861695,
	   3.451132,
	   1.614066,
	   1.575506,
	   3.540209,
	   3.919666,
	   0.916761,
	   0.4,
	   0.5
        ]
    },

    "Test": {
        "x": [],
        "y": []
    }
}
