{
    "wall": {
        "x": [
            0.0,
            4.5,
            4.5,
            0.0,
            0.0
        ],
        "y": [
            0.0,
            0.0,
            4.5,
            4.5,
            0.0
        ]
    },
    "Env1": {
        "x": [
            2.238723,
            2.045063,
            2.898983,
            2.650186,
            3.80793,
            3.827023,
            2.626063,
            4.007135,
            0.926957,
            1.833576,
            1.799162,
            3.074335,
            1.476981,
            1.202071,
            0.411612
        ],
        "y": [
            2.489689,
            1.775387,
            3.18658,
            3.879813,
            3.940018,
            0.897148,
            1.412266,
            2.235808,
            3.501572,
            3.450688,
            0.456401,
            0.639113,
            1.13741,
            2.355127,
            2.673549
        ]
    },
    "Env2": {
        "x": [
            1.732783,
            1.422815,
            1.960553,
            2.778365,
            3.143036,
            3.996228,
            2.538975,
            1.731265,
            1.086791,
            0.81859,
            2.104487,
            3.634851
        ],
        "y": [
            0.560401,
            1.495323,
            1.554556,
            1.47768,
            0.474113,
            0.92574,
            2.671284,
            2.959753,
            2.81954,
            3.722285,
            3.797475,
            3.689018
        ]
    },
    "Env3": {
        "x": [
            0.855833,
            1.732721,
            2.150963,
            2.71458,
            3.886028,
            3.871695,
            3.698596,
            2.719156,
            1.914436,
            0.952584,
            1.445884
        ],
        "y": [
            1.135146,
            0.702255,
            1.700122,
            1.450984,
            1.417113,
            3.230053,
            3.83672,
            3.599134,
            2.736405,
            2.381615,
            3.726665
        ]
    },
    "Env4": {
        "x": [
            1.174525,
            1.575974,
            3.494925,
            3.140872,
            2.745039,
            2.382174,
            1.972515
        ],
        "y": [
            3.59334,
            3.072345,
            0.865745,
            1.299103,
            1.75251,
            2.201288,
            2.656273
        ]
    },
    "Env5": {
        "x": [
            2.319539,
            2.290287,
            2.29266,
            2.288295,
            2.273162,
            2.254463,
            2.220089
        ],
        "y": [
            0.781269,
            1.27784,
            1.735863,
            2.256081,
            2.756076,
            3.272291,
            3.752948
        ]
    },
    "Env6": {
        "x": [
            1.217465,
            1.236466,
            1.209589,
            1.207164,
            2.381712,
            2.403812,
            2.416446,
            2.401938,
            2.396909,
            2.378304,
            2.338279,
            2.359348,
            3.416398,
            2.334155,
            3.407546,
            2.337806,
            3.389812,
            3.374737,
            1.223555,
            3.375801
        ],
        "y": [
            2.963388,
            2.618593,
            2.321076,
            2.05126,
            1.490281,
            1.192629,
            0.90645,
            0.632575,
            0.329693,
            2.933758,
            4.188382,
            3.237305,
            1.692246,
            3.551919,
            2.014132,
            3.884429,
            2.314477,
            2.620134,
            1.763039,
            2.882885
        ]
    },
    "Env7": {
        "x": [
            0.6445,
            1.168645,
            1.191149,
            1.6963,
            3.018264,
            3.61903,
            3.662092,
            4.1398,
            4.146988,
            2.288864,
            1.61562,
            2.847064,
            3.487584,
            3.961977,
            3.975652,
            3.46469,
            1.105139,
            0.571513,
            1.097636,
            0.609329,
            0.613637
        ],
        "y": [
            4.027158,
            4.033648,
            3.546025,
            2.917483,
            2.920949,
            3.522705,
            4.004209,
            3.985005,
            3.498359,
            2.292134,
            1.676094,
            1.661674,
            1.012601,
            1.024705,
            0.471188,
            0.514483,
            1.097174,
            0.560946,
            0.591163,
            1.066138,
            3.562103
        ]
    },

    "Test": {
        "x": [],
        "y": []
    }
}
